2015-05-23T15:23:23.021-04:00,2016-08-30T18:38:10.239-04:00,9da59f37-68b4-403e-8593-995ab2b2216a,daybook,google-oauth2|115566555419040238295,da,#7bd148
2016-03-08T08:55:21.521-05:00,2016-08-30T18:38:10.299-04:00,0253433b-e16a-43e1-afdd-64733371ddb4,OEMQA,google-oauth2|115566555419040238295,oe,#5484ed
2014-08-06T16:54:40.945-04:00,2016-08-30T18:38:10.300-04:00,4ca9cd8c-5b4b-4de2-b37f-a8271d9394b7,GameHubbs,google-oauth2|115566555419040238295,gh,#a4bdfc
2014-10-06T15:29:34.809-04:00,2016-08-30T18:38:10.302-04:00,b181722b-0b76-429d-b20a-790f5d7dcd98,Manager,google-oauth2|115566555419040238295,mg,#46d6db
2014-08-28T19:26:24.627-04:00,2016-08-30T18:38:10.302-04:00,890e58e4-9b33-4a4e-b4c5-3ba815177f0b,HB Registration,google-oauth2|115566555419040238295,hr,#7ae7bf
2014-09-06T13:55:30.234-04:00,2016-08-30T18:38:10.303-04:00,891936bf-7fec-4ed8-b372-9af641de7c9d,ElmahBucket,google-oauth2|115566555419040238295,bu,#5DA097
2014-12-04T15:15:31.459-05:00,2016-08-30T18:38:10.304-04:00,928bda1c-12e8-4533-a7c3-37df54cfe98d,HBE.Registration,google-oauth2|115566555419040238295,hb,#6A7A83
2014-12-13T12:03:57.021-05:00,2016-08-30T18:38:10.305-04:00,d151f61c-ec66-4a22-98f2-08c9f2339af2,hellenbrett.com,google-oauth2|115566555419040238295,ht,#f56954
2014-12-18T14:36:20.520-05:00,2016-08-30T18:38:10.306-04:00,a5591d9e-5fc0-413e-b052-c6bec8e66744,HBE.PaymentNotification,google-oauth2|115566555419040238295,pa,#ff851b
2014-12-19T14:09:15.127-05:00,2016-08-30T18:38:10.307-04:00,d96c965f-b21e-49de-b778-7f84917a2154,velcade-hcp.com,google-oauth2|115566555419040238295,ca,#E35F8F
2015-01-22T19:01:25.548-05:00,2016-08-30T18:38:10.307-04:00,b077256a-2b3b-4299-8e40-9d2449a8919f,cdsspeaker.attregistration.com,google-oauth2|115566555419040238295,pe,#7bd148
2016-08-30T17:30:22.110-04:00,null,95692c2b-29e1-447c-8e39-d2c626735635,tst2,github|1929042,st,#5484ed
2016-08-31T01:20:51.195-04:00,null,0ad112cf-7219-4320-90eb-3d7dd454c00b,NewLog2,github|10895393,2g,#7bd148
2016-08-31T01:29:59.157-04:00,null,271cb9ff-e060-4ba2-be28-b602fc32f337,LogName2,github|10895393,eL,#7bd148
2016-09-01T00:47:55.703-04:00,null,a1085740-eff9-4bd9-b0e3-a5531ffc1bd7,weqwe,github|10895393,ww,#46d6db
2016-09-05T02:12:25.499-04:00,null,e7bfbf07-c896-4cbc-aaa9-58e7f703b95f,NewLog211,github|10895393,w1,#a4bdfc
2016-09-05T02:40:33.862-04:00,null,ef61e394-57b7-4394-900a-398584cc0705,zxczx,github|10895393,zz,#5484ed
2016-09-05T05:15:45.709-04:00,null,2a0e2084-53ad-41da-a69e-f689ab2688e5,jhjhj,github|10895393,hj,#46d6db
2016-09-05T05:15:57.160-04:00,null,93e83f3e-b82b-402e-adba-d692559951ff,ytytyyyt555,github|10895393,tt,#7bd148
2016-09-05T06:46:38.916-04:00,null,26f6355a-e424-4a52-b47e-e5f5737169f4,vvxcvxcv,github|10895393,vc,#7ae7bf
2016-09-05T07:52:36.538-04:00,null,88129a87-adb3-4503-90fe-385301b6b843,qweq11111,github|10895393,1e,#a4bdfc
2016-09-05T22:15:13.152-04:00,null,580a0e8d-02be-44a9-a086-8c0c18d843cf,My test,google-oauth2|113484379116860761731,tM,#7ae7bf
2016-09-06T00:24:59.911-04:00,null,0a336f7b-de1f-495e-bd9e-9c2d6e31bad1,xcvxc,github|10895393,cx,#5484ed
2016-10-07T00:29:15.916-04:00,null,38223962-d464-46ba-bddf-c2592fe3b457,neww,github|10895393,ww,#E35F8F
2016-10-07T00:45:32.086-04:00,null,434e3f0d-af1d-40a3-a013-ed5ab6f3c21b,lastone,github|10895393,se,#7bd148
2016-10-07T00:46:39.040-04:00,null,2be5b772-db8a-44bd-bb91-6519900f7675,lasttwo,github|10895393,to,#7bd148
2016-10-10T19:09:31.591-04:00,null,283bf8ae-bc1f-499e-8d14-7f364fc4c650,elmahbucket.loging.console,google-oauth2|115566555419040238295,en,#f56954
2016-10-17T18:56:13.509-04:00,null,a1c14377-9126-40f3-a2c3-80fe8c879106,CFS,google-oauth2|111690454871914927093,FC,#7bd148
